{"frameNames":["f0","f1","f2","f3","f4"],"frames":[[[[288,0],[288,270]],[244,-496],0,[500,500],[250,0]],[[[0,0],[288,270]],[244,-496],0,[500,500],[250,0]],[[[576,0],[180,254]],[254,-484],0,[500,500],[250,0]],[[[334,270],[184,180]],[252,-486],0,[500,500],[250,0]],[[[0,270],[334,216]],[279,-556],0,[500,500],[250,0]]],"offX":0,"actions":{"ymove_3":[2,2,5],"die_3":[0,0,5],"ydie_3":[2,2,5],"ystand_3":[3,3,5],"shadow_3":[4,4,5],"move_3":[0,0,5],"atk_3":[0,0,5],"yatk_3":[2,2,5],"stand_3":[1,1,5],"yhurt_3":[2,2,5],"hurt_3":[0,0,5]},"hasReversal":1,"offY":0,"ver":3}